{
  "lstm_autoencoder": {
    "roc_auc": 0.98,
    "precision": 0.5050505050505051,
    "recall": 1.0,
    "f1_score": 0.6711409395973155
  },
  "xgboost_classifier": {
    "roc_auc": 0.9927,
    "precision": 0.9855072463768116,
    "recall": 0.68,
    "f1_score": 0.8047337278106509
  }
}